"post_id","picture_url","tags","lat","lan","created_time","username","website","pincode","caption","img","road","locality","district","state","formatted_address","provider"
"299141832024078254_31979172","http://distilleryimage2.s3.amazonaws.com/8c9586fe12e911e280ba22000a1e9f85_7.jpg","postbox, postoffice, openbangalore, pin560042, openpostboxindia","12.98244395","77.61249869","1349880506","thejeshgn","http://thejeshgn.com","560042","Sivanchetti Gardens Post Office.",,"St Johns Rd","Bangalore","Bengaluru Urban","Karnataka","St Johns Rd, Sivanchetti Gardens, Bangalore, Karnataka 560042, India",
"299056325961266519_31979172","http://distilleryimage11.s3.amazonaws.com/d102d7c812d111e2bba622000a1de773_7.jpg","pin560001, postbox, openbangalore, 560001, openpostboxindia","12.97295099","77.59978274","1349870313","thejeshgn","http://thejeshgn.com","560001","Near Airlines hotel.",,"Madras Bank Rd","Bangalore","Bengaluru Urban","Karnataka","Madras Bank Rd, Bangalore, Karnataka, India",
"298344114167035489_31979172","http://distilleryimage1.s3.amazonaws.com/234e28e6120c11e289dc22000a1d039d_7.jpg","560024, postbox, pin560024, openbangalore, openpostboxindia","13.03314812","77.58197668","1349785411","thejeshgn","http://thejeshgn.com","560024","Inside Hebbal vet Hospital.",,"4th Cross Rd","Bangalore","Bengaluru Urban","Karnataka","4th Cross Rd, Raj Mahal Vilas 2nd Stage, Bangalore, Karnataka, India",
"309292954286110240_31979172","http://distilleryimage4.s3.amazonaws.com/0d34b6ac1deb11e28e7522000a1c881f_7.jpg","openindia, pin560100, postbox, openbangalore, openpostboxindia","12.83611653","77.68743852","1351090615","thejeshgn","http://thejeshgn.com","560100","Near Anantha Nagar park.",,"Anantha Nagar Rd","Bangalore","Bengaluru Urban","Karnataka","Anantha Nagar Rd, Electronics City, Bangalore, Karnataka, India",
"309220628211251160_31979172","http://distilleryimage0.s3.amazonaws.com/fa2074521dd611e2b95b22000a1fab39_7.jpg","openindia, pin560100, postbox, postoffice, openbangalore, openpostboxindia","12.84004131","77.66297626","1351081993","thejeshgn","http://thejeshgn.com","560100","Electronics city Post Office. ",,"2nd Cross Rd","Bangalore","Bengaluru Urban","Karnataka","2nd Cross Rd, Electronics City Phase 1, Electronics City, Bangalore, Karnataka, India",
"309215535780935603_31979172","http://distilleryimage11.s3.amazonaws.com/904a6e9e1dd511e28e1522000a1de747_7.jpg","openindia, pin560100, postbox, openbangalore, openpostboxindia","12.84674121","77.67083049","1351081386","thejeshgn","http://thejeshgn.com","560100","Near Electronic city main entrance.",,"1st Main Rd","Bangalore","Bengaluru Urban","Karnataka","1st Main Rd, Electronics City Phase 1, Electronics City, Bangalore, Karnataka, India",
"309212000267876249_31979172","http://distilleryimage5.s3.amazonaws.com/9511d3781dd411e2818e22000a1fa52c_7.jpg","openindia, pin560100, postbox, openbangalore, openpostboxindia","12.83422174","77.68012935","1351080964","thejeshgn","http://thejeshgn.com","560100","Near Sfs School.",,"National Highways 7","Bangalore","Bengaluru Urban","Karnataka","National Highways 7, Electronics City, Bangalore, Karnataka, India",
"312730881469003059_31979172","http://distilleryimage3.s3.amazonaws.com/46aa09ce21a511e28a5622000a1fbe35_7.jpg","openpostboxindia, pin560055, postbox","13.00722879","77.56933986","1351500451","thejeshgn","http://thejeshgn.com","560055","Margosa Rd & 17th Cross.",,"17th Cross Rd","Bangalore","Bengaluru Urban","Karnataka","17th Cross Rd, Malleshwaram, Bangalore, Karnataka, India",
"312636283983837026_31979172","http://distilleryimage2.s3.amazonaws.com/050b29ea218b11e2b128123138190f7f_7.jpg","openpostboxindia, pin560025, postoffice, postbox","12.97276634","77.60327279","1351489174","thejeshgn","http://thejeshgn.com","560025","Opposite to St Joseph's school.  End of museum rd. ",,"Museum Rd","Bangalore","Bengaluru Urban","Karnataka","Museum Rd, Bangalore, Karnataka, India",
"317080044541392835_31979172","http://distilleryimage7.s3.amazonaws.com/673f8ab8265c11e2b55e22000a1c076c_7.jpg","openpostboxindia, pin560095","12.93073135","77.61423792","1352018908","thejeshgn","http://thejeshgn.com","560095","St. Anthony Friary",,"Hosur Rd","Bangalore","Bengaluru Urban","Karnataka","Hosur Rd, Sadduguntepalya, Koramangala, Bangalore, Karnataka, India",
"12_275855_76_882190_571120","http://openbangalore.org/postbox/img/12_275855_76_882190_571120.jpg","postbox, openpostboxindia, pin571120",12.275855,76.88219,1352144866,"staneja","http://staneja.com","571120","Somanathapura Temple",,"SH 33","Somanathapura","Mysore District","Karnataka","SH 33, Somanathapura, Karnataka, India",
"318481718728275617_31979172","http://distilleryimage5.s3.amazonaws.com/72300bec27e111e290cd22000a1f90d7_7.jpg","pin560001, openpostboxindia","12.97583109","77.60842468","1352186001","thejeshgn","http://thejeshgn.com","560001","Near Military school",,"Kamaraj Rd","Bangalore","Bengaluru Urban","Karnataka","Kamaraj Rd, Shivajinagar, Bangalore, Karnataka, India",
"319433396180825097_31979172","http://distilleryimage9.s3.amazonaws.com/96f0438a28e911e2aaa822000a1fb0dd_7.jpg","openpostboxindia, pin562101","13.3686245","77.68457347","1352299449","thejeshgn","http://thejeshgn.com","562101","Nandhi hills",,"Unnamed Rd","","Chikballapur","Karnataka","Unnamed Rd, Karnataka, India",
"326560710119208828_31979172","http://distilleryimage0.s3.amazonaws.com/d10d948e30a311e2b2c322000a1f9804_7.jpg","pin560027, openpostboxindia","12.95424634","77.59031131","1353149091","thejeshgn","http://thejeshgn.com","560027","Bangalore mediation center ",,"H Siddaiah Rd","Bangalore","Bengaluru Urban","Karnataka","H Siddaiah Rd, Sudhama Nagar, Bangalore, Karnataka, India",
"326663594827658947_31979172","http://distilleryimage7.s3.amazonaws.com/5f732aec30c011e288bf22000a9f13cb_7.jpg","openpostboxindia, pin560011","12.92626881","77.58383008","1353161356","thejeshgn","http://thejeshgn.com","560011","4th block Jayanagar",,"33rd Cross Rd","Bangalore","Bengaluru Urban","Karnataka","33rd Cross Rd, Jayanagar 4 Block, Jayanagar, Bangalore, Karnataka, India",
"333632644338234787_31979172","http://distilleryimage7.s3.amazonaws.com/ac33509c384e11e2ada222000a9f3cf6_7.jpg","pin560001, openpostboxindia",12.981475,77.59493,"1353992132","thejeshgn","http://thejeshgn.com","560001","GPO, Bangalore",,"Dr Ambedkar Rd","Bangalore","Bengaluru Urban","Karnataka","Dr Ambedkar Rd, Sampangi Rama Nagar, Bangalore, Karnataka, India",
"334470537998840851_31979172","http://distilleryimage7.s3.amazonaws.com/3c1fe0f6393711e2b55122000a1f9be7_7.jpg","openpostboxindia, pin560003","13.00377291","77.56831203","1354092016","thejeshgn","http://thejeshgn.com","560003","Near KEB office. Malleshwaram  ",,"4th Main Rd","Bangalore","Bengaluru Urban","Karnataka","4th Main Rd, Malleshwaram, Bangalore, Karnataka, India",
"341108296431776887_31979172","http://distilleryimage7.s3.amazonaws.com/953aecd8406911e2ae2622000a1fb7e1_7.jpg","postoffice, openpostboxindia, pin560034","12.92720185","77.6265474","1354883299","thejeshgn","http://thejeshgn.com","560034","Koramangala 3rd block post office  #pin560034",,"12th Main Rd","Bangalore","Bengaluru Urban","Karnataka","12th Main Rd, Koramangala 3 Block, Koramangala, Bangalore, Karnataka 560034, India",
"340923237112297428_31979172","http://distilleryimage0.s3.amazonaws.com/37f9bfb4403611e2b60722000a9f09f0_7.jpg","openpostboxindia, pin560034, postbox","12.92961257","77.62171573","1354861238","thejeshgn","http://thejeshgn.com","560034","Opposite to BDA complex, Koramangala",,"100 Feet Rd","Bangalore","Bengaluru Urban","Karnataka","100 Feet Rd, John Nagar, Koramangala, Bangalore, Karnataka, India",
"342588717745125089_31979172","http://distilleryimage5.s3.amazonaws.com/7b7e2e8a420411e2a7ab22000a1f97eb_7.jpg","openpostboxindia, pin560041","12.92160467","77.58383298","1355059779","thejeshgn","http://thejeshgn.com","560041","Jayanagar 4th block on 9main & 38 cross.",,"38th Cross Rd","Bangalore","Bengaluru Urban","Karnataka","38th Cross Rd, 5th Block, Jayanagar, Bangalore, Karnataka, India",
"342534867101234473_31979172","http://distilleryimage1.s3.amazonaws.com/892c11dc41f511e282e122000a1f9aae_7.jpg","openpostboxindia, pin560027","12.91639327","77.61455886","1355053359","thejeshgn","http://thejeshgn.com","560027","BTM",,"Outer Ring Rd","Bangalore","Bengaluru Urban","Karnataka","Outer Ring Rd, BTM Layout 2nd Stage, Bangalore, Karnataka, India",
"343187520005158419_31979172","http://distilleryimage3.s3.amazonaws.com/aef391c842aa11e2b60722000a9f09f0_7.jpg","airport, openpostboxindia, postoffice, pin560300, postbox","13.20022964","77.70980291","1355131162","thejeshgn","http://thejeshgn.com","560300","Bangalore International Airport",,"BIAL Rd","","Bengaluru Rural","Karnataka","BIAL Rd, Bengaluru International Airport (BLR), Karnataka, India",
"12_985399_77_618587","http://openbangalore.org/postbox/img/12_985399_77_618587.jpg","pin560042, postbox",12.985399,77.618587,,"thejeshgn","http://thejeshgn.com","560042","Ulsoor Lake - Home Guards Gate",,"Annaswamy Mudaliar Road","Bangalore","Bengaluru Urban","Karnataka","85, Annaswamy Mudaliar Road, Sivanchetti Gardens, Bangalore, Karnataka, India",
"12_911812_77_586813","http://openbangalore.org/postbox/img/12_911812_77_586813.jpg","pin560078, postbox, postoffice",12.911812,77.586813,,"thejeshgn","http://thejeshgn.com","560078","JP Nagar Post Office",,"21st Main Road","Bangalore","Bengaluru Urban","Karnataka","21st Main Road, Phase 2, J P Nagar, Bangalore, Karnataka, India",
"15_347692_75_142408","http://openbangalore.org/postbox/img/15_347692_75_142408.jpg","pin580020, postbox",15.347692,75.142408,,"thejeshgn","http://thejeshgn.com","580020","Near Samyukta Karnataka",,"Coen Road","Hubli","Dharwad","Karnataka","Coen Road, New Hubli, Hubli, Karnataka, India",
"15_350036_75_116484","http://openbangalore.org/postbox/img/15_350036_75_116484.jpg","pin580030, posybox",15.350036,75.116484,,"thejeshgn","http://thejeshgn.com","580030","Hubli New Bus Station",,"Gokul Road","Hubli","Dharwad","Karnataka","New Bus Station, Gokul Road, Hubli, Karnataka, India",
"15_349722_75_116076","http://openbangalore.org/postbox/img/15_349722_75_116076.jpg","pin580030, postoffice",15.349722,75.116076,,"thejeshgn","http://thejeshgn.com","580030","Hubli New Bus Station TMO",,"Gokul Road","Hubli","Dharwad","Karnataka","New Bus Station, Gokul Road, Hubli, Karnataka, India",
"15_349724_75_139209","http://openbangalore.org/postbox/img/15_349724_75_139209.jpg","pin580025, postbox",15.349724,75.139209,,"thejeshgn","http://thejeshgn.com","580025","Opposite to Mahalakshmi Temple",,"","Hubli","Dharwad","Karnataka","Kamaripeth, Hubli, Karnataka, India",
"362168595922367717_31979172","http://distilleryimage5.s3.amazonaws.com/fd82ce3c573e11e2bb0f22000a1fbc94_7.jpg","pin560001, openpostboxindia","12.9744593","77.6099012","1357393882","thejeshgn","","560001","Public Utility building",,"FM Cariappa Road","Bangalore","Bengaluru Urban","Karnataka","FM Cariappa Road, Richmond Town, Bangalore, Karnataka, India",
"362133257946478482_31979172","http://distilleryimage6.s3.amazonaws.com/2e988d68573511e28fa722000a1fbcea_7.jpg","pin560001, openpostboxindia","12.9727211","77.61843116","1357389670","thejeshgn","","560001","Vijaya Bank",,"Trinity Church Road","Bangalore","Bengaluru Urban","Karnataka","Trinity Church Road, Jogupalya, Bangalore, Karnataka, India",
"362078560615216582_31979172","http://distilleryimage10.s3.amazonaws.com/001e392e572611e2ace922000a1f90f6_7.jpg","pin560001, openpostboxindia","12.97413775","77.61268928","1357383149","thejeshgn","","560001","Opposite prestige meridian",,"Primrose Road","Bangalore","Bengaluru Urban","Karnataka","Primrose Road, Sivanchetti Gardens, Bangalore, Karnataka, India",
"362795385170769581_31979172","http://distilleryimage5.s3.amazonaws.com/f58ef6d457ec11e2917a22000a9f1587_7.jpg","openpostboxindia, pin560046, postoffice","12.9941658","77.6046035","1357468601","thejeshgn","","560046","Benson town post office  #pin560046",,"Millers Road","Bangalore","Bengaluru Urban","Karnataka","Millers Road, Jayamahal, Bangalore, Karnataka, India",
"371608437987030882_31979172","http://distilleryimage6.s3.amazonaws.com/12a21bf6617b11e2a82b22000a9f1408_7.jpg","openpostboxindia, pin560034, postbox","12.92552003","77.62041112","1358519199","thejeshgn","","560034","In front of Kendriya Sadan.",,"100 Feet Road","Bangalore","Bengaluru Urban","Karnataka","100 Feet Road, Koramangala 2B Block, Koramangala, Bangalore, Karnataka, India",
"372135278942435076_31979172","http://distilleryimage0.s3.amazonaws.com/4cef1970620d11e28a2c22000a9f15d9_7.jpg","openpostboxindia, pin560099","12.8144984","77.6926091","1358582003","thejeshgn","","560099","In front of Narayana Hrudayalaya Hospital",,"Hosur Road","Bangalore","Bengaluru Urban","Karnataka","Hosur Road, Bommasandra Industrial Area, Electronics City, Bangalore, Karnataka, India",
"372142370680026935_31979172","http://distilleryimage11.s3.amazonaws.com/44d4788c620f11e289dc22000a9f12b0_7.jpg","openpostboxindia, pin560099, postoffice","12.8194804","77.6885533","1358582849","thejeshgn","","560099","Bommasandra Industrial Estate Post Office.",,"","Bangalore","Bengaluru Urban","Karnataka","Bommasandra Industrial Area, Electronics City, Bangalore, Karnataka, India",
"372958181657228395_31979172","http://distilleryimage7.s3.amazonaws.com/b3b0079862f111e2ad6322000a9f14f2_7.jpg","openpostboxindia, pin560034","12.93425627","77.62603644","1358680101","thejeshgn","","560034","4th block Koramangala. Near 16h main.",,"16th Main Road","Bangalore","Bengaluru Urban","Karnataka","2, 16th Main Road, Koramangala 4 Block, Koramangala, Bangalore, Karnataka 560034, India",
"378666806098867268_31979172","http://distilleryimage8.s3.amazonaws.com/29d89526692211e2815722000a1fa518_7.jpg","openpostboxindia, pin560068, postbox","12.91688071","77.6202512","1359360622","thejeshgn","","560068","BTM Layout near Silk Board",,"36th Main Dollar Scheme BTM 1st Stage Road","Bangalore","Bengaluru Urban","Karnataka","36th Main Dollar Scheme BTM 1st Stage Road, Madivala, BTM Layout 1, Bangalore, Karnataka, India",
"381540448138769990_31979172","http://distilleryimage2.s3.amazonaws.com/c265dcf26c3f11e282e022000a1fbc68_7.jpg","openpostboxindia, pin562120","12.936924264","77.167087637","1359703187","thejeshgn","","562120","Sathanuru",,"Kunigal Main Rd","","Bengaluru Urban","Karnataka","Kunigal Main Rd, Karnataka, India",
"383163698371442244_31979172","http://distilleryimage0.s3.amazonaws.com/4d421dc26e0211e29cc822000a1f96e3_7.jpg","pin110029, openpostboxindia","28.566343682","77.199827736","1359896693","thejeshgn","","110029","Safari Jung enclave",,"Ch Jhandu Singh Marg","New Delhi","Delhi (district)","Delhi","Ch Jhandu Singh Marg, Safdarjung Enclave, New Delhi, Delhi 110016, India",
"383158200360318478_31979172","http://distilleryimage10.s3.amazonaws.com/c69c4afa6e0011e2b46022000a1f9be1_7.jpg","pin110022, openpostboxindia","28.565251647","77.198887883","1359896038","thejeshgn","","110022","A1 Block SJE",,"Nauroji Nagar Marg","New Delhi","South West Delhi","Delhi","Kamal Cinema Bus Stop, Nauroji Nagar Marg, Safdarjung Enclave, New Delhi, Delhi 110016, India",
"383759419445426033_31979172","http://distilleryimage5.s3.amazonaws.com/a5c9db6a6ea711e2b7d622000a1f968a_7.jpg","pin110003, openpostboxindia","28.588770371","77.23474402","1359967709","thejeshgn","","110003","CGO post office",,"Jawaharlal Nehru Stadium Marg","New Delhi","New Delhi","Delhi","Jawaharlal Nehru Stadium Marg, Lodi Colony, New Delhi, Delhi 110003, India",
"389458911863846782_31979172","http://distilleryimage10.s3.amazonaws.com/9314df3674d511e2917a22000a9f1587_7.jpg","openpostboxindia, pin110001","28.628426006","77.219248338","1360647141","thejeshgn","","110001","Indian oil bhawan",,"Janpath","New Delhi","Central Delhi","Delhi","Indian Oil Bhawan, Janpath, New Delhi, Delhi 110001, India",
"386779241670325331_31979172","http://distilleryimage11.s3.amazonaws.com/d111632671ed11e2b55122000a1f9be7_7.jpg","openpostboxindia","28.660669325","77.228811604","1360327700","thejeshgn","","110006","Delhi railway station",,"Shyama Prasad Mukherji Marg","New Delhi","North Delhi","Delhi","Shyama Prasad Mukherji Marg, New Delhi, Delhi 110006, India",
"386721467749971526_31979172","http://distilleryimage10.s3.amazonaws.com/c7fac1c071dd11e2a23c22000a1f9d66_7.jpg","openpostboxindia, pin110001","28.633329802","77.218022994","1360320813","thejeshgn","","110001","Connaught place",,"Radial Road Number 3","New Delhi","Central Delhi","Delhi","Radial Road Number 3, Connaught Place, New Delhi, Delhi 110001, India",
"392567042164733862_31979172","http://distilleryimage6.s3.amazonaws.com/4105a39e783411e2a7f322000a1f9a55_7.jpg","openpostboxindia, pin560025","12.970280528","77.610473305","1361017659","thejeshgn","","560025","Near Garuda mall",,"Magrath Road","Bangalore","Bengaluru","Karnataka","Magrath Road, Bangalore, Karnataka 560025, India",
"414233848910525954_31979172","http://distilleryimage2.s3.amazonaws.com/003df63c8fb211e2b3af22000a1fb856_7.jpg","openpostboxindia, pin560078","12.910381814","77.591179324","1363600544","thejeshgn","","560078","17 main, JP Nagar",,"9th Cross Road","Bangalore","Bengaluru","Karnataka","1759, 9th Cross Road, Phase 2, J P Nagar, Bangalore, Karnataka 560078, India",
"401915144801695310_31979172","http://distilleryimage2.s3.amazonaws.com/dfaa4e6a825611e2be8622000a9f192b_7.jpg","openpostboxindia","12.959526308","77.638635414","1362132040","thejeshgn","","560071","Dommalur #openpostboxindia",,"7th Cross Road","Bangalore","Bangalore","Karnataka","7th Cross Road, Domlur I Stage, Domlur, Bangalore, Karnataka 560071, India",
"418037733185894017_31979172","http://distilleryimage1.s3.amazonaws.com/ca78d30e93d111e2b9c422000a1f968f_7.jpg","openpostboxindia, pin680001","10.522734853","76.216283778","1364054002","thejeshgn","","680001","Near south Indian bank",,"Swaraj Round South","Thrissur","Thrissur","Kerala","Swaraj Round South, Veliyannur, Thrissur, Kerala, India",
"418040720125933250_31979172","http://distilleryimage2.s3.amazonaws.com/9eb578a293d211e2829822000a9f1487_7.jpg","openpostboxindia, pin680001","10.52425766","76.217195147","1364054358","thejeshgn","","680001","Near Kalyan jewelers",,"Swaraj Round East","Thrissur","Thrissur","Kerala","Swaraj Round East, Thrissur, Kerala 680022, India",
"418021617839453482_31979172","http://distilleryimage10.s3.amazonaws.com/5165ba1c93cd11e299e022000a1fb043_7.jpg","openpostboxindia, pin680001","10.520507526","76.215503287","1364052081","thejeshgn","","680001","In front of BSNL office",,"Municipal Office Road","Thrissur","Thrissur","Kerala","Municipal Office Road, Veliyannur, Thrissur, Kerala 680001, India",
"418026311953495433_31979172","http://distilleryimage5.s3.amazonaws.com/9ef0bbe693ce11e280dd22000a9f3cd5_7.jpg","openpostboxindia, pin680001","10.520377001","76.215539168","1364052641","thejeshgn","","680001","Thrissur central post office",,"Post Office Road","Thrissur","Thrissur","Kerala","Post Office Road, Veliyannur, Thrissur, Kerala 680001, India",
"418012220551672938_31979172","http://distilleryimage6.s3.amazonaws.com/b5b0782093ca11e2a97a22000a9f18aa_7.jpg","openpostboxindia, pin680001","10.524323581","76.212085087","1364050961","thejeshgn","","680001","Round. MG Road",,"Swaraj Round West","Thrissur","Thrissur","Kerala","Swaraj Round West, Naikkanal, Thrissur, Kerala 680022, India",
"417951928748684385_31979172","http://distilleryimage9.s3.amazonaws.com/f9b4024693b911e2aaa822000a1fb0dd_7.jpg","openpostboxindia, pin680005","10.526664468","76.22616564","1364043774","thejeshgn","","680005","Near Bishops house",,"RC Bishop House Road","Thrissur","Thrissur","Kerala","east fort junction, RC Bishop House Road, Thrissur, Kerala 680005, India",
"423812895915193959_31979172","http://distilleryimage3.s3.amazonaws.com/b87359e29a1411e2b77322000a1f8db4_7.jpg","openpostboxindia, pin560005","13.000357476","77.616066341","1364742455","instagram-thejeshgn","","560005","Frazer town post office",,"Mosque Road","Bangalore","Bengaluru","Karnataka","Mosque Road, Frazer Town, Bangalore, Karnataka 560005, India","Instagram"
